{
  "banner": "/img/aoashoucun/banner",
  "homeWord": "进入AOA体育官方网站",
  "homeLink": "https://www.aoabet54.com:2099/entry/register/?i_code=9832786",
  "service": "/img/aoashoucun/service",
  "serviceText": "联系客服",
  "serviceLink": "https://diyitao04.com/kefu/6131acc4b7dc2",
  "contentWrap": "/img/aoashoucun/content",
  "warning": "本活动过资格最终解释权归华体会平台所有，更新更全更详细的活动说明请点击进入官网了解。",
  "table": [
    {
      "gift": "/img/aoashoucun/gift",
      "giftText": "/img/aoafucun/giftWord",
      "table": [{
        "label": "",
        "labelBottom": "1.此活动按周期内第一笔存款派彩，当月最多申请4次，不与其他存送活动共享；<br>  2.首周申请时间为8.1到8.8，次周为8.9到8.15，第三周为8.16到8.22，第四周时间为8.23到8.31。",
        "th": ["复存金额", "赠送彩金"],
        "td": [
          ["500", "58"],
          ["1000", "88"],
          ["3000", "188"],
          ["5000", "388"],
          ["10000", "588"],
          ["30000", "888"],
          ["50000", "1288"],
          ["100000", "1688"]
        ]
      }]
    }
  ]
}