{
  "banner": "/img/aoashoucun/banner",
  "homeWord": "进入AOA体育官方网站",
  "homeLink": "https://www.aoabet54.com:2099/entry/register/?i_code=9832786",
  "service": "/img/aoashoucun/service",
  "serviceText": "联系客服",
  "serviceLink": "https://diyitao04.com/kefu/6131acc4b7dc2",
  "contentWrap": "/img/aoashoucun/content",
  "warning": "本活动过资格最终解释权归AOA体育平台所有，更新更全更详细的活动说明请点击进入官网了解。",
  "table": [
    {
      "gift": "/img/aoashoucun/gift",
      "giftText": "/img/aoahaoli/giftWord",
      "table": [{
        "label": "",
        "labelBottom": "1.VIP等级奖励活动需用户在满足活动条件后自行在平台官网VIP页面领取；<br>2.返水平移活动需向代理顾问进行申请，并提供之前平台VIP等级截图信息进行验证，官方不会向用户索要密码等敏感信息；<br> 3.更详细活动信息请前往官网进行查看。",
        "th": ["原网站<br>VIP等级", "注册后<br>等级", "日返水<br>最高限额", "日最高<br>补发"],
        "td": [
          ["VIP4", "VIP0", "10888", "18000"],
          ["VIP5", "VIP0", "10888", "28000"],
          ["VIP6", "VIP0", "10888", "48000"],
          ["VIP7", "VIP0", "10888", "78000"],
          ["VIP8", "VIP0", "10888", "118000"],
          ["VIP9", "VIP0", "10888", "178000"],
          ["VIP10", "VIP0", "10888", "378000"]
        ]
      }]
    },
    {
      "gift": "/img/aoashoucun/gift",
      "giftText": "/img/aoahaoli/level",
      "table": [{
        "label": "",
        "labelBottom": "注：升级礼金+每月红包系统自动发放，生日礼金需会员自行到官网领取。",
        "th": ["VIP等级", "升级礼金", "每月红包", "生日礼金"],
        "td": [
          ["VIP1", "8", "8", "无"],
          ["VIP2", "18", "18", "无"],
          ["VIP3", "38", "38", "无"],
          ["VIP4", "88", "88", "无"],
          ["VIP5", "388", "388", "388"],
          ["VIP6", "688", "688", "688"],
          ["VIP7", "1088", "1088", "1088"],
          ["VIP8", "3888", "3888", "3888"],
          ["VIP9", "5888", "5888", "5888"],
          ["VIP10", "18888", "18888", "18888"]
        ]
      }]
    },
    {
      "gift": "/img/aoashoucun/gift",
      "giftText": "/img/aoahaoli/nengmo",
      "table": [{
        "label": "",
        "labelBottom": "1.本次活动奖励新老代理均可参加，需向代理顾问进行申请；<br> 2.此内容奖励只针对城市有机场直达的城市，相关隐私请参考当地法律，AOA将不介入干涉；<br>3.本活动新增要求与《AOA代理合营计划书》一致，受到审查的异常用户不计入活动；<br>4。对异常代理的处罚包括但不限于取消活动资格，最终解释权归AOA体育代理部所有。",
        "th": ["新增要求", "赠送内容", "实物奖励"],
        "td": [
          ["10", "美女视频裸聊1小时","无"],
          ["30", "任选佳丽一人一次<br><span class='blueColor'>（实物奖励与佳丽二选一）</span>","华为Mate40"],
          ["50", "任选佳丽两人双飞<br><span class='blueColor'>（实物奖励与佳丽二选一）<span>","苹果12 ProMax"]
        ]
      }]
    },
    {
      "gift": "/img/aoashoucun/gift",
      "giftText": "/img/aoahaoli/hupeng",
      "table": [{
        "label": "",
        "labelBottom": "1.本次活动奖励新老代理均可参加，单个被介绍代理介绍人仅可享受一次，需向代理顾问申请；<br>2.此奖励在活动结束后随佣金一并发放至佣金钱包，可直接提款；<br>3.本活动新增要求与《AOA代理合营计划书》一致，受到审查的异常用户不计入活动；<br>4。对异常代理的处罚包括但不限于取消活动资格，最终解释权归AOA体育代理部所有。",
        "th": ["被介绍代理自然月内<br>新增有效人数", "彩金"],
        "td": [
          ["5+", "1888"],
          ["10+", "3888"],
          ["25+", "6888"],
          ["50+", "13888"]
        ]
      }]
    }
  ]
}