{
  "banner": "/img/aoashoucun/banner",
  "homeWord": "进入AOA体育官方网站",
  "homeLink": "https://www.aoabet54.com:2099/entry/register/?i_code=9832786",
  "service": "/img/aoashoucun/service",
  "serviceText": "联系客服",
  "serviceLink": "https://diyitao04.com/kefu/6131acc4b7dc2",
  "contentWrap": "/img/aoashoucun/content",
  "warning": "本活动过资格最终解释权归华体会平台所有，更新更全更详细的活动说明请点击进入官网了解。",
  "table": [
    {
      "gift": "/img/aoashoucun/gift",
      "giftText": "/img/aoaliushui/giftWord",
      "table": [{
        "label": "",
        "labelBottom": "注：此活动为官网活动，需用户手动自行申请。",
        "th": ["体育/电竞 \n 月流水", "直接兑换彩金", "自选体育/电竞 \n 场馆彩金"],
        "td": [
          ["20000", "68", "108"],
          ["100000", "388", "488"],
          ["800000", "2888", "3688"],
          ["1500000", "4888", "6088"],
          ["3000000", "9888", "12888"],
          ["5000000", "16888", "22888"],
          ["10000000", "28888", "40888"],
          ["20000000", "42888", "58888"],
          ["30000000", "58888", "88888"]
        ]
      }]
    }
  ]
}