{
  "banner": "/img/aoashoucun/banner",
  "homeWord": "进入AOA体育官方网站",
  "homeLink": "https://www.aoabet54.com:2099/entry/register/?i_code=9832786",
  "service": "/img/aoashoucun/service",
  "serviceText": "联系客服",
  "serviceLink": "https://diyitao04.com/kefu/6131acc4b7dc2",
  "contentWrap": "/img/aoashoucun/content",
  "warning": "本活动过资格最终解释权归华体会平台所有，更新更全更详细的活动说明请点击进入官网了解。",
  "table": [
    {
      "gift": "/img/aoashoucun/gift",
      "giftText": "/img/aoashoucun/giftWord",
      "table": [{
        "label": "",
        "labelBottom": "注：首存获得彩金后，请务必在24小时内在官网领取相关礼品，逾期不侯。",
        "th": ["首存金额", "赠送彩金"],
        "td": [
          ["500", "68"],
          ["1000", "118<br><span class='yellowColor'>+不锈钢保温杯<br>/无线蓝牙音响台灯</span>"],
          ["3000", "388<br><span class='yellowColor'>+不锈钢保温杯<br>/无线蓝牙音响台灯</span>"],
          ["5000", "468<br><span class='yellowColor'>+小米无线车充<br> /华为电动牙刷</span>"],
          ["10000", "688<br><span class='yellowColor'>+小米无线车充 <br>/华为电动牙刷</span>"],
          ["30000", "888<br><span class='yellowColor'>+小米无线车充<br> /华为电动牙刷</span>"],
          ["50000", "1088<br><span class='yellowColor'>+AIRPODS PRO<br>  /扫地机器人/外星人无线耳机</span>"],
          ["100000", "3888<br><span class='yellowColor'>+IPAD AIR最新款<br> /LV BRAZZA钱包</span>"],
          ["200000", "8888<br><span class='yellowColor'>+浪琴瑞士时尚系列情侣表 <br>/ /iPhone12Pro Max（256G）</span>"],
          ["500000", "18888<br><span class='yellowColor'>+外星人M17 2020版<be>/ PRODA普拉达女包</span>"],
          ["800000", "26888<br><span class='yellowColor'>+万宝龙传统系列腕表 <br>/Tiffany Modern Keys镶钻吊坠</span>"]
        ]
      }]
    }
  ]
}