{
    "banner": "/img/aoashoucun/banner",
    "homeWord": "进入AOA体育官方网站",
    "homeLink": "https://www.aoabet54.com:2099/entry/register/?i_code=9832786",
    "service": "/img/aoashoucun/service",
    "serviceText": "联系客服",
    "serviceLink": "https://diyitao04.com/kefu/6131acc4b7dc2",
    "contentWrap": "/img/aoashoucun/content",
    "warning": "本活动过资格最终解释权归AOA体育平台所有，更新更全更详细的活动说明请点击进入官网了解。",
    "table": [
      {
        "gift": "/img/aoashoucun/gift",
        "giftText": "/img/aoashoucun/giftWord",
        "table": [{
          "label": "",
          "labelBottom": "<span class='activity-description'>活动说明</span><span>1.VIP等级奖励活动需用户在满足活动条件后自行在平台官网VIP页面领取；<br><br>2.返水平移活动需向代理顾问进行申请，并提供之前平台VIP等级截图信息进行验证，官方不会向用户索要密码等敏感信息；<br><br>3.更详细活动信息请前往官网进行查看。</span>",
          "th": ["原网站<br>VIP等级", "注册后<br>等级", "日返水<br>最高限额", "日最高<br>补发"],
          "td": [
            ["VIP4", "VIP0", "10888", "18000"]
          ]
        }]
      },
      {
        "gift": "/img/aoashoucun/gift",
        "giftText": "/img/aoashoucun/giftWord",
        "table": [{
          "label": "",
          "labelBottom": "<span class='activity-description'>活动说明</span><span>升级礼金+每月红包系统自动发放，生日礼金需会员自行到官网领取。</span>",
          "th": ["VIP等级", "升级礼金", "每月红包", "生日礼金"],
          "td": [
            ["VIP4", "VIP0", "10888", "18000"]
          ]
        }]
      },
      {
        "gift": "/img/aoashoucun/gift",
        "giftText": "/img/aoashoucun/giftWord",
        "table": [{
          "label": "",
          "labelBottom": "<span class='activity-description'>活动说明</span><span>1.本次活动奖励新老代理均可参与，需向代理顾问进行申请；<br><br>2.此内容奖励只针对城市有机场直达的城市，相关隐私请参考当地法律，AOA将不介入干涉；<br><br>3.本活动新增要求与《AOA代理合营计划书》一致，受到审查的异常用户不计入活动；<br><br>4.对异常代理的处罚包括但不限于取消活动资格，最终解释权归AOA体育代理部所有。</span>",
          "th": ["新增要求", "赠送内容", "实物奖励(<sapn style='font-size: 8px;'>实物与佳丽二选一</span>)"],
          "td": [
            ["VIP4", "VIP0", "10888"]
          ]
        }]
      }
    ]
  }