{
  "banner": "/img/aoashoucun/banner",
  "homeWord": "进入贝博体育官方网站",
  "homeLink": "https://vym.bbty0vip2.com",
  "service": "/img/aoashoucun/service",
  "serviceText": "联系客服",
  "serviceLink": "https://diyitao04.com/kefu/6131acc4b7dc2",
  "contentWrap": "/img/aoashoucun/content",
  "warning": "本活动过资格最终解释权归华体会平台所有，更新更全更详细的活动说明请点击进入官网了解。",
  "table": [
    {
      "gift": "/img/aoashoucun/gift",
      "giftText": "/img/aoashoucun/giftWord",
      "table": [{
        "label": "",
        "labelBottom": "",
        "th": ["首存金额", "赠送彩金"],
        "td": [
          ["100", "58"],
          ["500", "128"],
          ["1000", "258"],
          ["5000", "688"],
          ["10000", "1288"],
          ["20000", "1888"]
        ]
      },
      {
        "label": "",
        "labelBottom": "",
        "th": ["条件", "奖励"],
        "td": [
          ["<span class='blueColor'>迎新体验金：</span><br>注册充值≥100元<br>并完善信息", "<span class='yellowColor'>即可获得<br>100元体验金</span>"],
          ["<span class='blueColor'>首单包赔：</span><br>活动时间内<br>注册充值投注", "<span class='yellowColor'>即可获得<br>100%首单包赔</span>"]
        ]
      }]
    }
  ]
}