{
  "banner": "/img/beiboshoucun/banner",
  "homeWord": "进入贝博体育官方网站",
  "homeLink": "https://vym.bbty0vip2.com",
  "service": "/img/beiboshoucun/service",
  "serviceText": "联系客服",
  "serviceLink": "https://diyitao04.com/kefu/6131acc4b7dc2",
  "contentWrap": "/img/beiboshoucun/content",
  "warning": "本活动过资格最终解释权归华体会平台所有，更新更全更详细的活动说明请点击进入官网了解。",
  "table": [
    {
      "gift": "/img/beiboshoucun/gift",
      "giftText": "/img/beiboliushui/giftWord",
      "table": [{
        "label": "",
        "labelBottom": "",
        "th": ["累计有效流水", "礼品"],
        "td": [
          ["体育150万<br>非体育300万", "<span class='redColor'>飞利浦电动剃须刀<br>星球大战系列<span>"],
          ["体育200万<br>非体育400万", "<span class='redColor'>苹果AirPods<br>无线耳机<span>"],
          ["体育250万<br>非体育500万", "<span class='redColor'>苹果i Watch S6<span>"],
          ["体育350万<br>非体育700万", "<span class='redColor'>苹果iPad Air<br>256G<span>"],
          ["体育450万<br>非体育900万", "<span class='redColor'>苹果iPhone 12 Pro<br>256G<span>"]
        ]
      }]
    }
  ]
}