{
  "banner": "/img/beiboshoucun/banner",
  "homeWord": "进入贝博体育官方网站",
  "homeLink": "https://vym.bbty0vip2.com",
  "service": "/img/beiboshoucun/service",
  "serviceText": "联系客服",
  "serviceLink": "https://diyitao04.com/kefu/6131acc4b7dc2",
  "contentWrap": "/img/beiboshoucun/content",
  "warning": "本活动过资格最终解释权归华体会平台所有，更新更全更详细的活动说明请点击进入官网了解。",
  "table": [
    {
      "gift": "/img/beiboshoucun/gift",
      "giftText": "/img/beibofucun/giftWord",
      "table": [{
        "label": "",
        "labelBottom": "",
        "th": ["复存金额", "复存奖金"],
        "td": [
          ["500", "58"],
          ["1000", "128"],
          ["5000", "258"],
          ["10000", "688"],
          ["20000", "1288"],
          ["30000", "1888"]
        ]
      }]
    }
  ]
}