{
  "banner": "/img/bobshoucun/banner",
  "homeWord": "进入BOB体育官方网站",
  "homeLink": "https://www.bob83.app:9152/?agent_code=1053293",
  "service": "/img/bobshoucun/service",
  "serviceText": "联系客服",
  "serviceLink": "https://diyitao04.com/kefu/6131acc4b7dc2",
  "contentWrap": "/img/bobshoucun/content",
  "warning": "本活动过资格最终解释权归华体会平台所有，更新更全更详细的活动说明请点击进入官网了解。",
  "table": [
    {
      "gift": "/img/bobshoucun/gift",
      "giftText": "/img/bobfucun/giftWord",
      "table": [{
        "label": "",
        "labelBottom": "",
        "th": ["复存金额", "赠送彩金"],
        "td": [
          ["300", "28"],
          ["500", "58"],
          ["1000", "88"],
          ["2000", "128"],
          ["5000", "388"],
          ["10000", "588"],
          ["30000", "888"],
          ["50000", "1188"],
          ["100000", "1588"],
          ["200000", "1888"]
        ]
      }]
    }
  ]
}