{
  "banner": "/img/bobshoucun/banner",
  "homeWord": "进入BOB体育官方网站",
  "homeLink": "https://www.bob83.app:9152/?agent_code=1053293",
  "service": "/img/bobshoucun/service",
  "serviceText": "联系客服",
  "serviceLink": "https://diyitao04.com/kefu/6131acc4b7dc2",
  "contentWrap": "/img/bobshoucun/content",
  "warning": "本活动过资格最终解释权归华体会平台所有，更新更全更详细的活动说明请点击进入官网了解。",
  "table": [
    {
      "gift": "/img/bobshoucun/gift",
      "giftText": "/img/bobshiwu/giftWord",
      "table": [{
        "label": "",
        "labelBottom": "",
        "th": ["首存金额", "礼品"],
        "td": [
          ["2000元", "<span class='redColor'>保温杯</span>"],
          ["5000元", "<span class='redColor'>米家吹风机</span>"],
          ["20000元", "<span class='redColor'>飞利浦电动牙刷</span>"],
          ["50000元", "<span class='redColor'>TF香水</span>"],
          ["100000元", "<span class='redColor'>Apple watch series 6</span>"],
          ["200000元", "<span class='redColor'>IPhone 12 256G</span>"],
          ["300000元", "<span class='redColor'>GUCCI 帆布链条包</span>"]
        ]
      }]
    }
  ]
}