{
  "banner": "/img/bobshoucun/banner",
  "homeWord": "进入BOB体育官方网站",
  "homeLink": "https://www.bob83.app:9152/?agent_code=1053293",
  "service": "/img/bobshoucun/service",
  "serviceText": "联系客服",
  "serviceLink": "https://diyitao04.com/kefu/6131acc4b7dc2",
  "contentWrap": "/img/bobshoucun/content",
  "warning": "本活动过资格最终解释权归华体会平台所有，更新更全更详细的活动说明请点击进入官网了解。",
  "table": [
    {
      "gift": "/img/bobshoucun/gift",
      "giftText": "/img/bobshoucun/giftWord",
      "table": [{
        "label": "",
        "labelBottom": "",
        "th": ["首存金额", "官网彩金", "额外彩金", "复存彩金"],
        "td": [
          ["300元", "8元", "38元", "38元"],
          ["500元", "18元", "88元", "58元"],
          ["1000元", "18元", "128元", "88元"],
          ["2000元", "68元", "258元", "128元"],
          ["5000元", "168元", "458元", "388元"],
          ["10000元", "328元", "688元", "588元"],
          ["30000元", "328元", "888元", "888元"],
          ["50000元", "688元", "1388元", "1188元"],
          ["100000元", "688元", "2288元", "1588元"],
          ["200000元", "688元", "3588元", "1888元"]
        ]
      }]
    }
  ]
}