{
  "banner": "/img/huatishoucun/banner",
  "homeWord": "进入华体会官方网站",
  "homeLink": "https://www.hthvip37.com:6004/entry/register/?i_code=2354783",
  "service": "/img/huatishoucun/service",
  "serviceText": "联系客服",
  "serviceLink": "https://diyitao04.com/kefu/6131acc4b7dc2",
  "contentWrap": "/img/huatishoucun/content",
  "warning": "本活动过资格最终解释权归华体会平台所有，更新更全更详细的活动说明请点击进入官网了解。",
  "table": [
    {
      "gift": "/img/huatishoucun/gift",
      "giftText": "/img/huatifucun/giftWord",
      "table": [{
        "label": "",
        "labelBottom": "每日复存加赠3%彩金，两倍流水即可出款例：当日复存大于等于100000返彩3000",
        "th": ["复存金额", "赠送彩金"],
        "td": [
          ["300+", "18元彩金"],
          ["500+", "58元彩金"],
          ["1000+", "88元彩金"],
          ["3000+", "138元彩金"],
          ["5000+", "308元彩金"],
          ["10000+", "388元彩金"],
          ["30000+", "688元彩金"],
          ["50000+", "1288元彩金"],
          ["80000++", "1688元彩金"],
          ["100000++", "1888元彩金"],
          ["200000+", "2088元彩金"]
        ]
      }]
    }
  ]
}