{
  "banner": "/img/huatishoucun/banner",
  "homeWord": "进入华体会官方网站",
  "homeLink": "https://www.hthvip37.com:6004/entry/register/?i_code=2354783",
  "service": "/img/huatishoucun/service",
  "serviceText": "联系客服",
  "serviceLink": "https://diyitao04.com/kefu/6131acc4b7dc2",
  "contentWrap": "/img/huatishoucun/content",
  "warning": "本活动过资格最终解释权归华体会平台所有，更新更全更详细的活动说明请点击进入官网了解。",
  "table": [
    {
      "gift": "/img/huatishoucun/gift",
      "giftText": "/img/huatiliushui/giftWord",
      "table": [{
        "label": "",
        "labelBottom": "",
        "th": ["投注流水", "免费领取"],
        "td": [
          ["20,000", "<span class='yellowColor'>MTOY加湿器</span>"],
          ["100,000", "<span class='yellowColor'>GUCCI男士香水</span>"],
          ["200,000", "<span class='yellowColor'>Refa carat美容仪</span>"],
          ["800,000", "<span class='yellowColor'>戴森吸尘器</span>"],
          ["1,500,000", "<span class='yellowColor'>戴森扫地机器人</span>"],
          ["3,000,000", "<span class='yellowColor'>海蓝之迷套装</span>"],
          ["5,000,000", "<span class='yellowColor'>MacBook Pro 16寸</span>"]
        ]
      }]
    }
  ]
}