{
  "banner": "/img/huatishoucun/banner",
  "homeWord": "进入华体会官方网站",
  "homeLink": "https://www.hthvip37.com:6004/entry/register/?i_code=2354783",
  "service": "/img/huatishoucun/service",
  "serviceText": "联系客服",
  "serviceLink": "https://diyitao04.com/kefu/6131acc4b7dc2",
  "contentWrap": "/img/huatishoucun/content",
  "warning": "本活动过资格最终解释权归华体会平台所有，更新更全更详细的活动说明请点击进入官网了解。",
  "table": [
    {
      "gift": "/img/huatishoucun/gift",
      "giftText": "/img/huatishoucun/giftWord",
      "table": [{
        "label": "",
        "labelBottom": "",
        "th": ["首存金额", "赠送彩金"],
        "td": [
          ["100", "28"],
          ["300", "38"],
          ["500", "68"],
          ["1000", "88+38<br><span class='yellowColor'>+zippo打火机</span>"],
          ["2000", "108+38<br><span class='yellowColor'>+zippo打火机</span>"],
          ["3000", "168+58<br><span class='yellowColor'>+zippo打火机</span>"],
          ["5000", "388+108+88<br><span class='yellowColor'>+飞利浦电动牙刷/网易云蓝牙耳机</span>"],
          ["10000", "588+188+100<br><span class='yellowColor'>+飞利浦电动牙刷/网易云蓝牙耳机</span>"]
        ]
      }]
    },
    {
      "gift": "/img/huatishoucun/gift",
      "giftText": "/img/huatishoucun/giftWord2",
      "table": [
        {
        "label": "",
        "labelBottom": "例：首单包赔，首单金额需达到包赔标准金额（首存金额）即可赠送，只针对体育/电竞。",
        "th": ["首存金额", "包赔金额"],
        "td": [
          ["100", "88"],
          ["300", "128"],
          ["500", "168"],
          ["1000", "228"],
          ["3000", "418"],
          ["5000", "618"],
          ["10000", "888"],
          ["20000", "1288"],
          ["50000", "2088"]
        ]
      }]
    }
  ]
}