{
  "banner": "/img/kokshoucun/banner",
  "homeWord": "进入KOK体育官方网站",
  "homeLink": "https://www.175kok.com:1069/?i_code=2767115",
  "service": "/img/kokshoucun/service",
  "serviceText": "联系客服",
  "serviceLink": "https://diyitao04.com/kefu/6131acc4b7dc2",
  "contentWrap": "/img/kokshoucun/content",
  "warning": "本活动过资格最终解释权归KOK体育平台所有，更新更全更详细的活动说明请点击进入官网了解。",
  "table": [
    {
      "gift": "/img/kokshoucun/gift",
  "giftText": "/img/kokfucun/giftWord",
      "table": [{
        "label": "",
      "labelBottom": "",
        "th": ["周存金额", "周存奖励"],
        "td": [
          ["500", "38"],
          ["1000", "88"],
          ["3000", "198"],
          ["5000", "388"],
          ["10000", "588"],
          ["30000", "888"],
          ["50000", "1088"],
          ["100000", "1588"],
          ["200000", "3888"],
          ["500000", "5888"]
        ]
      }]
    }
  ]
}