{
  "banner": "/img/kokshoucun/banner",
  "homeWord": "进入KOK体育官方网站",
  "homeLink": "https://www.175kok.com:1069/?i_code=2767115",
  "service": "/img/kokshoucun/service",
  "serviceText": "联系客服",
  "serviceLink": "https://diyitao04.com/kefu/6131acc4b7dc2",
  "contentWrap": "/img/kokshoucun/content",
  "warning": "本活动过资格最终解释权归KOK体育平台所有，更新更全更详细的活动说明请点击进入官网了解。",
  "table": [
    {
      "gift": "/img/kokshoucun/gift",
      "giftText": "/img/kokliushui/giftWord",
      "table": [{
        "label": "选择一：直接兑换礼金",
        "labelBottom": "",
        "th": ["有效投注", "礼金"],
        "td": [
          ["2W", "56"],
          ["10W", "306"],
          ["100W", "3066"],
          ["300W", "9066"],
          ["500W", "16666"],
          ["1000W", "26666"]
        ]
      },
      {
        "label": "选择二：自选场馆礼金",
        "labelBottom": "",
        "th": ["有效投注", "礼金"],
        "td": [
          ["2W", "86"],
          ["10W", "369"],
          ["100W", "4266"],
          ["300W", "13666"],
          ["500W", "20666"],
          ["1000W", "30666"]
        ]
      }
    ]
    }
    
  ]
}