{
  "banner": "/img/kokshoucun/banner",
  "homeWord": "进入KOK体育官方网站",
  "homeLink": "https://www.175kok.com:1069/?i_code=2767115",
  "service": "/img/kokshoucun/service",
  "serviceText": "联系客服",
  "serviceLink": "https://diyitao04.com/kefu/6131acc4b7dc2",
  
  "contentWrap": "/img/kokshoucun/content",
  "warning": "本活动过资格最终解释权归KOK体育平台所有，更新更全更详细的活动说明请点击进入官网了解。",
  "table": [
    {
      "gift": "/img/kokshoucun/gift",
  "giftText": "/img/kokshoucun/giftWord",
      "table": [{
        "label": "",
        "labelBottom": "",
        "th": ["首存金额", "赠送彩金"],
        "td": [
          ["100", "18"],
          ["300", "38"],
          ["500", "68"],
          ["1000", "128"],
          ["3000", "3288"],
          ["5000", "488"],
          ["10000", "888"],
          ["50000", "1288"],
          ["100000", "1888"],
          ["200000", "3888"],
          ["500000", "5888"]
        ]
      }]
    }
  ]
}