{
  "banner": "/img/ledongshoucun/banner",
  "homeWord": "进入乐动体育官方网站",
  "homeLink": "https://ld7.bet?proxy=wincy8",
  "service": "/img/ledongshoucun/service",
  "serviceText": "联系客服",
  "serviceLink": "https://diyitao04.com/kefu/6131acc4b7dc2",
  "contentWrap": "/img/ledongshoucun/content",
  "warning": "本活动过资格最终解释权归华体会平台所有，更新更全更详细的活动说明请点击进入官网了解。",
  "table": [
    {
      "gift": "/img/ledongshoucun/gift",
      "giftText": "/img/ledongfucun/giftWord",
      "table": [{
        "label": "",
        "labelBottom": "当月完成对应申请次数单笔最低存款金额，获赠对应存送比例的彩金（此活动的金额与官网USDT存送优惠共享）",
        "th": ["申请笔数", "单笔最低存款", "存送比例", "彩金上限"],
        "td": [
          ["第一次", "≥500", "2%", "288"],
          ["第二次", "≥500", "2%", "288"],
          ["第三次", "≥500", "2%", "288"],
          ["第四次", "≥800", "3%", "388"],
          ["第五次", "≥800", "3%", "388"],
          ["第六次", "≥800", "3%", "388"],
          ["第七次", "≥1000", "5%", "388"],
          ["第八次", "≥2000", "6%", "588"],
          ["第九次", "≥3000", "7%", "688"],
          ["第十次", "≥5000", "8%", "888"]
        ]
      }]
    }
  ]
}