{
  "banner": "/img/ledongshoucun/banner",
  "homeWord": "进入乐动体育官方网站",
  "homeLink": "https://ld7.bet?proxy=wincy8",
  "service": "/img/ledongshoucun/service",
  "serviceText": "联系客服",
  "serviceLink": "https://diyitao04.com/kefu/6131acc4b7dc2",
  "contentWrap": "/img/ledongshoucun/content",
  "warning": "本活动过资格最终解释权归华体会平台所有，更新更全更详细的活动说明请点击进入官网了解。",
  "table": [
    {
      "gift": "/img/ledongshoucun/gift",
      "giftText": "/img/ledongshoucun/giftWord",
      "table": [{
        "label": "",
        "labelBottom": "<span style='display:block;margin-bottom:15px;'>首存统计范围：<br>首存后未投注之前的累计成功存款金额</span><br>活动时间内，首存金额达到指定等级即可领取，相应的彩金，每位会员仅可领取一次。奖金会在申请后24小时内注入会员账号，彩金1倍流水提款。",
        "th": ["首存金额", "赠送彩金"],
        "td": [
          ["200", "200"],
          ["500", "38"],
          ["1,000", "88<br><span class='yellowColor'>+足球</span>"],
          ["3,000", "218<br><span class='yellowColor'>+运动背包<br> /武磊水杯</span>"],
          ["6,000", "388<br><span class='yellowColor'>+保温杯<br> /无线充电器</span>"],
          ["10,000", "688<br><span class='yellowColor'>+武磊球衣<br> /按摩器</span>"],
          ["30,000", "1088<br><span class='yellowColor'>+智能手表<br> /头戴耳机</span>"],
          ["60,000", "1688<br><span class='yellowColor'>+苹果手表</span>"],
          ["100,000", "2688<br><span class='yellowColor'>+IPAD AIR 256G</span>"],
          ["200,000", "5088<br><span class='yellowColor'>+IPHONE 12PRO</span>"]
        ]
      }]
    }
  ]
}