{
  "banner": "/img/leyushoucun/banner",
  "homeWord": "进入乐鱼体育官方网站",
  "homeLink": "https://www.lyty616.com:6443",
  "service": "/img/leyushoucun/service",
  "serviceText": "联系客服",
  "serviceLink": "https://diyitao04.com/kefu/6131acc4b7dc2",
  "contentWrap": "/img/leyushoucun/content",
  "warning": "本活动过资格最终解释权归华体会平台所有，更新更全更详细的活动说明请点击进入官网了解。",
  "table": [
    {
      "gift": "/img/leyushoucun/gift",
      "giftText": "/img/leyufucun/giftWord",
      "table": [{
        "label": "",
        "labelBottom": "注：新老会员均可参与复存活动，申请时效以实际存款实际当天为准，当天复存当天申请，逾期不予通过。复存活动需要官方审核通过之后发放（48小时内） 新会员当天第二笔存款即可参与活动，当日彩金当日申请（1号彩金，1号未申请视为放弃，不补发）",
        "th": ["累计存款金额", "彩金奖励"],
        "td": [
          ["首存次日复存；"],
          ["每日复存首笔赠3%彩金；"],
          ["每日复存首笔赠3%彩金；"]
        ]
      }]
    }
  ]
}