{
  "banner": "/img/leyushoucun/banner",
  "homeWord": "进入乐鱼体育官方网站",
  "homeLink": "https://www.lyty616.com:6443",
  "service": "/img/leyushoucun/service",
  "serviceText": "联系客服",
  "serviceLink": "https://diyitao04.com/kefu/6131acc4b7dc2",
  "contentWrap": "/img/leyushoucun/content",
  "warning": "本活动过资格最终解释权归华体会平台所有，更新更全更详细的活动说明请点击进入官网了解。",
  "table": [
    {
      "gift": "/img/leyushoucun/gift",
      "giftText": "/img/leyuhaoli/giftWord",
      "table": [{
        "label": "",
        "labelBottom": "",
        "th": ["VIP等级", "免费畅玩金"],
        "td": [
          ["VIP5", "188"],
          ["VIP6", "388"],
          ["VIP7", "588"],
          ["VIP8", "888"],
          ["VIP9", "1888"],
          ["VIP10", "3888"]
        ]
      }]
    },
    {
      "gift": "/img/leyushoucun/gift",
      "giftText": "/img/leyuhaoli/vip",
      "table": [{
        "label": "",
        "labelBottom": "",
        "th": ["VIP等级", "直升存款要求"],
        "td": [
          ["VIP5", "24000"],
          ["VIP6", "50000"],
          ["VIP7", "80000"],
          ["VIP8", "200000"],
          ["VIP9", "600000"],
          ["VIP10", "1500000"]
        ]
      }]
    }
  ]
}