{
  "banner": "/img/leyushoucun/banner",
  "homeWord": "进入乐鱼体育官方网站",
  "homeLink": "https://www.lyty616.com:6443",
  "service": "/img/leyushoucun/service",
  "serviceText": "联系客服",
  "serviceLink": "https://diyitao04.com/kefu/6131acc4b7dc2",
  "contentWrap": "/img/leyushoucun/content",
  "warning": "本活动过资格最终解释权归华体会平台所有，更新更全更详细的活动说明请点击进入官网了解。",
  "table": [
    {
      "gift": "/img/leyushoucun/gift",
      "giftText": "/img/leyushoucun/giftWord",
      "table": [{
        "label": "",
        "labelBottom": "注：第一次彩金官方审核通过后发放到用户账号根据彩金设置流水提款，第二次彩金在用户游戏后申请在48小时内发放！首单包赔，首单金额需要达到包赔标准金额（首存金额）即可赠送，只针对体育/电竞用户。",
        "th": ["首存/<br>首单金额", "首存<br>彩金", "二次<br>彩金", "礼品或折彩金"],
        "td": [
          ["100", "无", "首单<br>包赔68", "<span class='yellowColor'>无</span>"],
          ["200", "48", "选彩金或<br>首单包赔108", "<span class='yellowColor'>无</span>"],
          ["500", "108", "选彩金或<br>首单包赔108", "<span class='yellowColor'>无</span>"],
          ["1000", "158","无","<span class='yellowColor'>zippo打火机<br>/便捷式果汁杯</span><br>折彩金58元"],
          ["3000","258", "无", "<span class='yellowColor'>zippo打火机<br>/便捷式果汁杯</span><br>折彩金58元"],
          ["5000", "468", "无", "<span class='yellowColor'>网易云蓝牙耳机<br>/小米C20按摩仪</span><br>折彩金188元"],
          ["10000", "388","440", "<span class='yellowColor'>网易云蓝牙耳机<br>/小米C20按摩仪</span><br>折彩金188元"],
          ["20000", "588","700","<span class='yellowColor'>华为手表GT20<br>/AiePods配充电盒</span><br>折彩金888元"],
          ["50000", "1088","1300","<span class='yellowColor'>apple watch S6<br>/SK2神仙水调套装</span><br>折彩金2688元"],
          ["100000", "2088","1800","<span class='yellowColor'>10g投资金条/金币<br>/ipad Air4 256G</span><br>折彩金4688元"],
          ["200000", "2588","2100","<span class='yellowColor'>iPhone 12Pro 256G<br>/三星Z FLIP 8+256G</span><br>折彩金8888元"]
        ]
      }]
    }
  ]
}