{
  "banner": "/img/niubaoshoucun/banner",
  "homeWord": "进入牛宝官方网站",
  "homeLink": "https://www.nb149.com:3017/entry/register/?i_code=6372400",
  "service": "/img/niubaoshoucun/service",
  "serviceText": "联系客服",
  "serviceLink": "https://diyitao04.com/kefu/6131acc4b7dc2",
  "contentWrap": "/img/niubaoshoucun/content",
  "warning": "本活动过资格最终解释权归华体会平台所有，更新更全更详细的活动说明请点击进入官网了解。",
  "table": [
    {
      "gift": "/img/niubaoshoucun/gift",
      "giftText": "/img/niubaoshoucun/giftWord",
      "table": [{
        "label": "",
        "labelBottom": "",
        "th": ["首存金额", "官网彩金", "额外彩金", "复存彩金"],
        "td": [
          ["300", "8", "38", "38"],
          ["500", "18", "18", "58"],
          ["1000", "18", "128", "88"],
          ["2000", "68", "258", "128"],
          ["5000", "168", "458", "388"],
          ["10000", "328", "688", "588"],
          ["30000", "328", "888", "888"],
          ["50000", "688", "1388", "1188"],
          ["100000", "688", "2288", "1588"],
          ["100000", "688", "2288", "1588"],
          ["200000", "688", "3588", "1888"]
        ]
      }]
    },
    {
      "gift": "/img/niubaoshoucun/gift",
      "giftText": "/img/niubaoshoucun/mouth",
      "table": [{
        "label": "",
        "labelBottom": "注：首存限红999元，每日首次存款限红999元，笔笔存送限红999元（首存送2%+笔笔送3%+每日首次送2%=7%）<br>此活动对投注彩票场馆的会员无效；<br>此活动仅限虚拟币存款玩家;<br>活动过对象：合营伙伴线下新老会员均可参加，需绑定手机号，银行卡方可参加活动;<br>日存彩金奖励达到标准后由合营伙伴报备至专员，奖励在次日24:00前发放至会员账户，如发现由违规情况牛宝体育有权扣回奖励.",
        "th": ["首存金额", "首存赠送", "每日首存送", "笔笔存送"],
        "td": [
          ["1000", "20", "20", "30"],
          ["5000", "100", "100", "150"],
          ["10000", "200", "200", "300"],
          ["30000", "600", "600", "900"]
        ]
      }]
    }
  ]
}