{
  "banner": "/img/oubaoshoucun/banner",
  "homeWord": "进入欧宝娱乐官方网站",
  "homeLink": "https://www.tb54.app:9152/?agent_code=1171495",
  "service": "/img/oubaoshoucun/service",
  "serviceText": "联系客服",
  "serviceLink": "https://diyitao04.com/kefu/6131acc4b7dc2",
  "contentWrap": "/img/oubaoshoucun/content",
  "warning": "本活动过资格最终解释权归华体会平台所有，更新更全更详细的活动说明请点击进入官网了解。",
  "table": [
    {
      "gift": "/img/oubaoshoucun/gift",
      "giftText": "/img/oubaoshoucun/giftWord",
      "table": [{
        "label": "",
        "labelBottom": "",
        "th": ["首存金额", "赠送彩金"],
        "td": [
          ["300", "28"],
          ["500", "58"],
          ["1000", "108"],
          ["3000", "258"],
          ["5000", "388"],
          ["10000", "588"],
          ["30000", "888"],
          ["50000", "1188"],
          ["80000", "1688"],
          ["120000", "2288"],
          ["200000", "3888"],
          ["500000", "5888"]
        ]
      }]
    }
  ]
}