{
  "banner": "/img/oubaoshoucun/banner",
  "homeWord": "进入欧宝娱乐官方网站",
  "homeLink": "https://www.tb54.app:9152/?agent_code=1171495",
  "service": "/img/oubaoshoucun/service",
  "serviceText": "联系客服",
  "serviceLink": "https://diyitao04.com/kefu/6131acc4b7dc2",
  "contentWrap": "/img/oubaoshoucun/content",
  "warning": "本活动过资格最终解释权归华体会平台所有，更新更全更详细的活动说明请点击进入官网了解。",
  "table": [
    {
      "gift": "/img/oubaoshoucun/gift",
      "giftText": "/img/oubaoshiwu/giftWord",
      "table": [{
        "label": "",
        "labelBottom": "",
        "th": ["首存金额", "礼品"],
        "td": [
          ["800", "<span class='yellowColor'>金士顿U盘64G DTSE9G2</span>"],
          ["4000", "<span class='yellowColor'>小米无线车充</span>"],
          ["8000", "<span class='yellowColor'>素士剃须刀S5雅痞礼盒版</span>"],
          ["40000", "<span class='yellowColor'>AirPods Pro耳机</span>"],
          ["64000", "<span class='yellowColor'>小米平衡车燃动版</span>"],
          ["96000", "<span class='yellowColor'>iPad Air256G \n/ZV-1相机 白色</span>"],
          ["160000", "<span class='yellowColor'>苹果12 Pro 256G \n/三星折叠手机</span>"],
          ["400000", "<span class='yellowColor'>外星人笔记本 \n /La Praire鱼子奢华护肤品</span>"]
        ]
      }]
    }
  ]
}