{
  "banner": "/img/oubaoshoucun/banner",
  "homeWord": "进入欧宝娱乐官方网站",
  "homeLink": "https://www.tb54.app:9152/?agent_code=1171495",
  "service": "/img/oubaoshoucun/service",
  "serviceText": "联系客服",
  "serviceLink": "https://diyitao04.com/kefu/6131acc4b7dc2",
  "contentWrap": "/img/oubaoshoucun/content",
  "warning": "本活动过资格最终解释权归华体会平台所有，更新更全更详细的活动说明请点击进入官网了解。",
  "table": [
    {
      "gift": "/img/oubaoshoucun/gift",
      "giftText": "/img/oubaofucun/giftWord",
      "table": [{
        "label": "",
        "labelBottom": "",
        "th": ["复存金额", "福利彩金"],
        "td": [
          ["500", "38"],
          ["1,000", "88"],
          ["3,000", "198"],
          ["5,000", "388"],
          ["10,000", "588"],
          ["30,000", "888"],
          ["50,000", "1188"],
          ["80,000", "1688"],
          ["1,200,000", "2288"],
          ["2,000,000", "3888"],
          ["5,000,000", "5888"]
        ]
      }]
    }
  ]
}