{
  "banner": "/img/oubaoshoucun/banner",
  "homeWord": "进入欧宝娱乐官方网站",
  "homeLink": "https://www.tb54.app:9152/?agent_code=1171495",
  "service": "/img/oubaoshoucun/service",
  "serviceText": "联系客服",
  "serviceLink": "https://diyitao04.com/kefu/6131acc4b7dc2",
  "contentWrap": "/img/oubaoshoucun/content",
  "warning": "本活动过资格最终解释权归华体会平台所有，更新更全更详细的活动说明请点击进入官网了解。",
  "table": [
    {
      "gift": "/img/oubaoshoucun/gift",
      "giftText": "/img/oubaoliushui/giftWord",
      "table": [{
        "label": "",
        "labelBottom": "",
        "th": ["体育电竞", "真人", "棋牌"],
        "td": [
          ["40,000", "280,000", "120,000"],
          ["<span class='blueColor'>礼品：飞利浦声波电动牙刷</span>"],
          ["80,000", "1200,000", "400,000"],
          ["<span class='blueColor'>礼品：素士剃须刀S5雅痞礼盒版</span>"],
          ["400,000", "4,000,000", "2,400,000"],
          ["<span class='blueColor'>礼品：Apple Watch SE运动型</span>"],
          ["800,000", "8,000,000", "4,000,000"],
          ["<span class='blueColor'>礼品：戴森Supersonic 吹风机</span>"],
          ["2,400,000", "16,000,000", "12,000,000"],
          ["<span class='blueColor'>礼品：苹果12 Pro 256G/三星折叠手机</span>"],
          ["4,000,000", "40,000,000", "20,000,000"],
          ["<span class='blueColor'>礼品：MacBook Pro/大疆Mavic 2</span>"],
          ["8,000,000", "80,000,000", "40,000,000"],
          ["<span class='blueColor'>礼品：卡地亚手镯/宝格丽项链</span>"],
          ["20,000,000", "144,000,000", "80,000,000"],
          ["<span class='blueColor'>礼品：卡地亚情侣对表/劳力士日志型36mm</span>"]
        ]
      }]
    }
  ]
}