{
  "banner": "/img/yaboshoucun/banner",
  "homeWord": "进入亚博体育官方网站",
  "homeLink": "https://www.1592yb.com:1082/?i_code=1292810",
  "service": "/img/yaboshoucun/service",
  "serviceText": "联系客服",
  "serviceLink": "https://diyitao04.com/kefu/6131acc4b7dc2",
  "contentWrap": "/img/yaboshoucun/content",
  "warning": "本活动过资格最终解释权归华体会平台所有，更新更全更详细的活动说明请点击进入官网了解。",
  "table": [
    {
      "gift": "/img/yaboshoucun/gift",
      "giftText": "/img/yaboshoucun/giftWord",
      "table": [{
        "label": "",
        "labelBottom": "例：会员A在活动期间累计存款15万元，即会员A可活动结束后领取1888元彩金奖励。",
        "th": ["累计存款金额", "彩金奖励"],
        "td": [
          ["5000", "188元彩金"],
          ["10000", "388元彩金"],
          ["50000", "888元彩金"],
          ["100000", "1888元彩金"],
          ["300000", "3888元彩金"]
        ]
      }]
    }
  ]
}