{
  "banner": "/img/yameshoucun/banner",
  "homeWord": "进入亚美体育官方网站",
  "homeLink": "https://www.205ym.com:21798/entry/register/?i_code=7899309",
  "service": "/img/yameshoucun/service",
  "serviceText": "联系客服",
  "serviceLink": "https://diyitao04.com/kefu/6131acc4b7dc2",
  "contentWrap": "/img/yameshoucun/content",
  "warning": "本活动过资格最终解释权归华体会平台所有，更新更全更详细的活动说明请点击进入官网了解。",
  "table": [
    {
      "gift": "/img/yameshoucun/gift",
      "giftText": "/img/yameshoucun/giftWord",
      "table": [{
        "label": "",
        "labelBottom": "",
        "th": ["首存金额", "赠送彩金"],
        "td": [
          ["300", "38"],
          ["500", "68"],
          ["1000", "128"],
          ["3000", "328"],
          ["5000", "488"],
          ["10000", "888"],
          ["50000", "1288"],
          ["100000", "1888"],
          ["200000", "3888"]
        ]
      }]
    },
    {
      "gift": "/img/yameshoucun/gift",
      "giftText": "/img/yameshoucun/haoli",
      "table": [{
        "label": "",
        "labelBottom": "",
        "th": ["首存金额", "赠送礼金"],
        "td": [
          ["1000", "88"],
          ["5000", "158"],
          ["20000", "688"],
          ["50000", "1888"],
          ["100000", "3888"],
          ["200000", "8888"],
          ["500000", "12888"]
        ]
      }]
    }
  ]
}