{
  "banner": "/img/yameshoucun/banner",
  "homeWord": "进入亚美体育官方网站",
  "homeLink": "https://www.205ym.com:21798/entry/register/?i_code=7899309",
  "service": "/img/yameshoucun/service",
  "serviceText": "联系客服",
  "serviceLink": "https://diyitao04.com/kefu/6131acc4b7dc2",
  "contentWrap": "/img/yameshoucun/content",
  "warning": "本活动过资格最终解释权归华体会平台所有，更新更全更详细的活动说明请点击进入官网了解。",
  "table": [
    {
      "gift": "/img/yameshoucun/gift",
      "giftText": "/img/yamefucun/giftWord",
      "table": [{
        "label": "",
        "labelBottom": "",
        "th": ["周存金额", "周送彩金"],
        "td": [
          ["300", "18"],
          ["500", "58"],
          ["1000", "98"],
          ["3000", "198"],
          ["5000", "388"],
          ["10000", "588"],
          ["50000", "1088"],
          ["100000", "1588"],
          ["200000", "3888"]
        ]
      }]
    }
  ]
}