{
  "banner": "/img/yameshoucun/banner",
  "homeWord": "进入亚美体育官方网站",
  "homeLink": "https://www.205ym.com:21798/entry/register/?i_code=7899309",
  "service": "/img/yameshoucun/service",
  "serviceText": "联系客服",
  "serviceLink": "https://diyitao04.com/kefu/6131acc4b7dc2",
  "contentWrap": "/img/yameshoucun/content",
  "warning": "本活动过资格最终解释权归华体会平台所有，更新更全更详细的活动说明请点击进入官网了解。",
  "table": [
    {
      "gift": "/img/yameshoucun/gift",
      "giftText": "/img/yameliushui/giftWord",
      "table": [{
        "label": "",
        "labelBottom": "",
        "th": ["有效投注", "礼品"],
        "td": [
          ["2W", "88"],
          ["10W", "388"],
          ["50W", "1288"],
          ["100W", "4288"],
          ["300W", "13888"],
          ["500W", "20388"],
          ["1000W", "30888"]
        ]
      }]
    }
  ]
}