{
    "title": "环球体育迎中秋预国庆",
    "sportsName": "环球体育",
    "officialWebsite": "https://www.1630yb.com/entry/register/?i_code=1292810",
    "customerService": "https://diyitao04.com/kefu/6131acc4b7dc2",
    "banner": ["/formwork/huanqiu/bg.png", "/formwork/huanqiu/bg.png"],
    "logo": "/formwork/huanqiu/logo.png",
    "score": {"total": "4.8", "disbursementSpeed": "4.9", "comprehensive": "4.7", "activityIndex": "4.8"},
    "activityDate": "2021年9月1日-2021年9月30日",
    "recentPlayers": "800",
    "tabsTable": [
        {
            "label": "存款优惠",
            "thead": ["存款金额", "首存彩金", "首存包赔", "复存彩金"],
            "theadStyle": { "backgroung": "#E8F5FF", "color": "#2278FF" },
            "tbody": [
                [300, 68, 38, 18],
                [500, 88, 68, 28],
                [1000, 128, 88, 58],
                [2000, 268, 128, 88],
                [5000, 518, 218, 168],
                [10000, 888, 588, 258],
                [20000, 1288, 888, 368],
                [50000, 1688, 1288, 588],
                [100000, 2888, 2188, 888],
                [200000, 5888, 3888, 1588],
                [500000, 12888, 8888, 3888]
            ],
            "tfoot": []
        }
    ],
    "activityRules": [
        "活动时间：2021年9月1日-2021年9月30日",
        "活动要求：首存彩金存款后实名即可申请；包赔彩金在首存后账户余额低于10进行申请；（首存及包赔1倍流水）（复存彩金3倍流水出款，当天首笔存款作为申请条件）",
        "每个有效会员，手机号码，银行卡，IP，设别只可领取一次彩金",
        ".以上活动若出现违规，刷水，套利行为，环球体育有权扣除彩金及盈利，环球体育对该活动享有最终解释权"
    ]
}