{
    "title": "华灯初上，体会加倍彩金狂欢",
    "sportsName": "华体会",
    "officialWebsite": "https://www.1630yb.com/entry/register/?i_code=1292810",
    "customerService": "https://diyitao04.com/kefu/6131acc4b7dc2",
    "banner": ["/formwork/huatihui/bg_huati.png", "/formwork/huatihui/bg_huati.png"],
    "logo": "/formwork/huatihui/logo.png",
    "score": {"total": "4.9", "disbursementSpeed": "4.9", "comprehensive": "4.9", "activityIndex": "4.9"},
    "activityDate": "2021年9月1日-2021年9月30日",
    "recentPlayers": "700",
    "tabsTable": [
        {
            "label": "首存活动",
            "thead": ["首存金额", "彩金奖励"],
            "theadStyle": { "backgroung": "#F8F7FC", "color": "#796CAB" },
            "tbody": [
                [200, 38],
                [300, 58],
                [500, 68],
                [1000, 168],
                [3000, 268],
                [5000, 488],
                [10000, 888],
                [30000, 1388],
                [50000, 2888],
                [100000, 3888],
                [200000, 4588]
            ],
            "tfoot": []
        },
        {
            "label": "周存活动",
            "thead": ["复存金额", "赠送彩金"],
            "theadStyle": { "backgroung": "#F8F7FC", "color": "#796CAB" },
            "tbody": [
                ["300+", 18],
                ["500+", 58],
                ["1000+", 88],
                ["3000+", 138],
                ["5000+", 308],
                ["10000+", 388],
                ["30000+", 688],
                ["50000+", 1288],
                ["80000+", 1688],
                ["100000+", 1888],
                ["200000+", 2088]
            ],
            "tfoot": []
        },
        {
            "label": "实物奖励",
            "thead": ["新用户24小时内存款", "礼品二选一"],
            "theadStyle": { "backgroung": "#F8F7FC", "color": "#796CAB" },
            "tbody": [
                [1000, "zippo打火机/榨汁机随身杯"],
                [3000, "zippo打火机/榨汁机随身杯"],
                [5000, "飞利浦电动牙刷/网易云蓝牙耳机"],
                [10000, "飞利浦电动牙刷/网易云蓝牙耳机"],
                [30000, "AirPods配充电盒/哈曼卡顿ALLURE琥珀"],
                [50000, "AppleWatch S6/戴森吹风机"],
                [100000, "戴森吹风机/投资金条金币10g"],
                [200000, "iPhone12 Pro 256G/索尼音箱"]
            ],
            "tfoot": []
        },
        {
            "label": "限时特惠",
            "thead": ["限时特惠，笔笔存送3%"],
            "theadStyle": { "backgroung": "#FFEFD6", "color": "#A30A24" },
            "tbody": [
                ["每日复存加赠3%彩金，两倍流水即可出款"],
                ["例：当日复存存款100000 返彩3000"],
                ["每日最高3000元封顶"]
            ],
            "tfoot": []
        }
    ],
    "activityRules": [
        "首存礼金与礼品可进行共享参加，礼品需自行前往官网进行申请领取 ",
        "复存活动新老用户都可参与，按照每个月自然周存款进行申请，当月最多可申请四次，同一笔金额不可与每日加赠3%活动进行共享",
        "存款加送3%新老用户都可参与，当天最高返3000元封顶，每日第二笔存款即可参与加送3%活动，彩金超过48小时未申请视为自动放弃",
        "严禁刷水，套利，薅羊毛等违规行为，华体会会进行严格风控审核，发现有权扣回奖励并作处罚",
        "为避免文字理解差异，华体会对本活动保留最终解释权，可在未通知的轻快下对活动进行细节修订或终止此活动"
    ]
}