{
    "sportsName": "",
    "title": "",
    "officialWebsite": "https://www.1630yb.com/entry/register/?i_code=1292810",
    "customerService": "https://diyitao04.com/kefu/6131acc4b7dc2",
    "logo": "",
    "bannerType": "",
    "tabsTable": [
        {
            "typeName": "",
            "label": "",
            "banner": "",
            "thead": [""],
            "theadStyle": { "backgroung": "#FFEFD6", "color": "#B63A49" },
            "tbody": [
                [""],
                [""],
                [""]
            ],
            "tfoot": []
        }
    ],
    "activityRules": [
        "活动时间：2021年9月1日-2021年9月30日",
        "活动要求：新注册会员需完成实名信息绑定",
        "活动彩金将在24小时内发送至会员账户"
    ]
}