{
    "title": "亚博首存即送100%！全额本金回馈！",
    "sportsName": "亚博体育",
    "officialWebsite": "https://www.1630yb.com/entry/register/?i_code=1292810",
    "customerService": "https://diyitao04.com/kefu/6131acc4b7dc2",
    "banner": ["/formwork/yabo/bg_yabo.png", "/formwork/yabo/bg_yabo.png"],
    "logo": "/formwork/yabo/logo.png",
    "score": {"total": "4.9", "disbursementSpeed": "4.9", "comprehensive": "4.9", "activityIndex": "4.9"},
    "activityDate": "2021年9月1日-2021年9月30日",
    "recentPlayers": "800",
    "tabsTable": [
        {
            "label": "迎新活动",
            "thead": ["亚博迎新特惠！彩金倾情回馈！"],
            "theadStyle": { "backgroung": "#FFEFD6", "color": "#B63A49" },
            "tbody": [
                ["活动期间，成功注册亚博体育会员"],
                ["首存金额≥100元，即可申请100元迎新特惠彩金！"],
                ["每位会员限领一次，先到先得！"]
            ],
            "tfoot": []
        },
        {
            "label": "老友赠彩",
            "thead": ["存款金额", "彩金奖励"],
            "theadStyle": { "backgroung": "#F8F7FC", "color": "#796CAB" },
            "tbody": [
                ["≥100", "58"],
                ["≥200", "88"],
                ["≥500", "188"],
                ["≥1000", "288"],
                ["≥2000", "388"]
            ],
            "tfoot": [
                "活动内容 活动时间内，凡在2021年8月1日前注册且8月整月未投注的亚博会员，存款可享有老会员专属福利彩金，每位会员限领一次。"
            ]
        }
    ],
    "activityRules": [
        "活动时间：2021年9月1日-2021年9月30日",
        "活动要求：新注册会员需完成实名信息绑定",
        "活动彩金将在24小时内发送至会员账户"
    ]
}